num_srcs,ra,dec
2,2.0,-45.0
2,3.0,-45.0
2,49.0,-45.0
2,51.0,-45.0
2,84.0,-45.0
2,86.0,-45.0
2,87.0,-45.0
2,88.0,-45.0
2,100.0,-45.0
2,101.0,-45.0
2,102.0,-45.0
2,118.0,-45.0
2,184.0,-45.0
2,187.0,-45.0
2,188.0,-45.0
2,200.0,-45.0
2,201.0,-45.0
2,238.0,-45.0
2,239.0,-45.0
2,244.0,-45.0
2,272.0,-45.0
2,304.0,-45.0
2,305.0,-45.0
2,332.0,-45.0
2,333.0,-45.0
2,3.0,-44.0
2,12.0,-44.0
2,13.0,-44.0
2,49.0,-44.0
2,51.0,-44.0
2,100.0,-44.0
2,106.0,-44.0
2,107.0,-44.0
2,117.0,-44.0
2,118.0,-44.0
2,186.0,-44.0
2,187.0,-44.0
2,200.0,-44.0
2,304.0,-44.0
2,305.0,-44.0
2,10.0,-43.0
2,13.0,-43.0
2,49.0,-43.0
2,50.0,-43.0
2,100.0,-43.0
2,119.0,-43.0
2,154.0,-43.0
2,155.0,-43.0
2,186.0,-43.0
2,187.0,-43.0
2,188.0,-43.0
2,201.0,-43.0
2,224.0,-43.0
2,226.0,-43.0
2,270.0,-43.0
2,299.0,-43.0
2,325.0,-43.0
2,326.0,-43.0
2,346.0,-43.0
2,347.0,-43.0
2,2.0,-42.0
2,11.0,-42.0
2,12.0,-42.0
2,22.0,-42.0
2,64.0,-42.0
2,106.0,-42.0
2,107.0,-42.0
2,119.0,-42.0
2,151.0,-42.0
2,152.0,-42.0
2,154.0,-42.0
2,155.0,-42.0
2,157.0,-42.0
2,159.0,-42.0
2,168.0,-42.0
2,192.0,-42.0
2,225.0,-42.0
2,270.0,-42.0
2,299.0,-42.0
2,325.0,-42.0
2,346.0,-42.0
2,347.0,-42.0
2,11.0,-41.0
2,22.0,-41.0
2,44.0,-41.0
2,54.0,-41.0
2,55.0,-41.0
2,64.0,-41.0
2,65.0,-41.0
2,66.0,-41.0
2,74.0,-41.0
2,118.0,-41.0
2,151.0,-41.0
2,152.0,-41.0
2,157.0,-41.0
2,159.0,-41.0
2,168.0,-41.0
2,193.0,-41.0
2,206.0,-41.0
2,217.0,-41.0
2,218.0,-41.0
2,224.0,-41.0
2,246.0,-41.0
2,249.0,-41.0
2,270.0,-41.0
2,299.0,-41.0
2,315.0,-41.0
2,337.0,-41.0
2,344.0,-41.0
2,345.0,-41.0
2,346.0,-41.0
2,347.0,-41.0
2,351.0,-41.0
2,352.0,-41.0
2,21.0,-40.0
2,22.0,-40.0
2,28.0,-40.0
2,29.0,-40.0
2,55.0,-40.0
2,65.0,-40.0
2,66.0,-40.0
2,117.0,-40.0
2,118.0,-40.0
2,158.0,-40.0
2,168.0,-40.0
2,193.0,-40.0
2,225.0,-40.0
2,245.0,-40.0
2,246.0,-40.0
2,249.0,-40.0
2,315.0,-40.0
2,316.0,-40.0
2,333.0,-40.0
2,337.0,-40.0
2,343.0,-40.0
2,351.0,-40.0
2,352.0,-40.0
2,4.0,-39.0
2,38.0,-39.0
2,54.0,-39.0
2,90.0,-39.0
2,91.0,-39.0
2,205.0,-39.0
2,206.0,-39.0
2,207.0,-39.0
2,214.0,-39.0
2,217.0,-39.0
2,224.0,-39.0
2,226.0,-39.0
2,245.0,-39.0
2,246.0,-39.0
2,249.0,-39.0
2,268.0,-39.0
2,269.0,-39.0
2,292.0,-39.0
2,293.0,-39.0
2,315.0,-39.0
2,316.0,-39.0
2,321.0,-39.0
2,322.0,-39.0
2,333.0,-39.0
2,337.0,-39.0
2,4.0,-38.0
2,9.0,-38.0
2,10.0,-38.0
2,17.0,-38.0
2,27.0,-38.0
2,35.0,-38.0
2,36.0,-38.0
2,50.0,-38.0
2,51.0,-38.0
2,53.0,-38.0
2,90.0,-38.0
2,91.0,-38.0
2,94.0,-38.0
2,95.0,-38.0
2,110.0,-38.0
2,207.0,-38.0
2,217.0,-38.0
2,220.0,-38.0
2,221.0,-38.0
2,226.0,-38.0
2,269.0,-38.0
2,292.0,-38.0
2,17.0,-37.0
2,34.0,-37.0
2,35.0,-37.0
2,55.0,-37.0
2,56.0,-37.0
2,94.0,-37.0
2,95.0,-37.0
2,109.0,-37.0
2,114.0,-37.0
2,115.0,-37.0
2,140.0,-37.0
2,164.0,-37.0
2,165.0,-37.0
2,211.0,-37.0
2,216.0,-37.0
2,220.0,-37.0
2,221.0,-37.0
2,269.0,-37.0
2,292.0,-37.0
2,293.0,-37.0
2,312.0,-37.0
2,0.0,-36.0
2,34.0,-36.0
2,35.0,-36.0
2,56.0,-36.0
2,66.0,-36.0
2,91.0,-36.0
2,96.0,-36.0
2,107.0,-36.0
2,108.0,-36.0
2,111.0,-36.0
2,140.0,-36.0
2,164.0,-36.0
2,165.0,-36.0
2,178.0,-36.0
2,211.0,-36.0
2,220.0,-36.0
2,221.0,-36.0
2,223.0,-36.0
2,225.0,-36.0
2,266.0,-36.0
2,281.0,-36.0
2,308.0,-36.0
2,309.0,-36.0
2,312.0,-36.0
2,355.0,-36.0
2,0.0,-35.0
2,17.0,-35.0
2,18.0,-35.0
2,46.0,-35.0
2,55.0,-35.0
2,56.0,-35.0
2,57.0,-35.0
2,62.0,-35.0
2,63.0,-35.0
2,66.0,-35.0
2,90.0,-35.0
2,107.0,-35.0
2,108.0,-35.0
2,111.0,-35.0
2,132.0,-35.0
2,140.0,-35.0
2,158.0,-35.0
2,164.0,-35.0
2,183.0,-35.0
2,204.0,-35.0
2,210.0,-35.0
2,211.0,-35.0
2,224.0,-35.0
2,278.0,-35.0
2,279.0,-35.0
2,280.0,-35.0
2,292.0,-35.0
2,293.0,-35.0
2,299.0,-35.0
2,300.0,-35.0
2,308.0,-35.0
2,309.0,-35.0
2,318.0,-35.0
2,355.0,-35.0
2,17.0,-34.0
2,56.0,-34.0
2,57.0,-34.0
2,62.0,-34.0
2,63.0,-34.0
2,67.0,-34.0
2,86.0,-34.0
2,90.0,-34.0
2,121.0,-34.0
2,122.0,-34.0
2,133.0,-34.0
2,158.0,-34.0
2,178.0,-34.0
2,183.0,-34.0
2,195.0,-34.0
2,196.0,-34.0
2,277.0,-34.0
2,278.0,-34.0
2,292.0,-34.0
2,318.0,-34.0
2,354.0,-34.0
2,356.0,-34.0
2,61.0,-33.0
2,62.0,-33.0
2,86.0,-33.0
2,87.0,-33.0
2,110.0,-33.0
2,111.0,-33.0
2,121.0,-33.0
2,122.0,-33.0
2,128.0,-33.0
2,132.0,-33.0
2,154.0,-33.0
2,156.0,-33.0
2,158.0,-33.0
2,183.0,-33.0
2,277.0,-33.0
2,291.0,-33.0
2,293.0,-33.0
2,69.0,-32.0
2,70.0,-32.0
2,86.0,-32.0
2,87.0,-32.0
2,140.0,-32.0
2,151.0,-32.0
2,154.0,-32.0
2,156.0,-32.0
2,196.0,-32.0
2,228.0,-32.0
2,229.0,-32.0
2,256.0,-32.0
2,265.0,-32.0
2,291.0,-32.0
2,292.0,-32.0
2,304.0,-32.0
2,305.0,-32.0
2,354.0,-32.0
2,34.0,-31.0
2,47.0,-31.0
2,48.0,-31.0
2,50.0,-31.0
2,51.0,-31.0
2,70.0,-31.0
2,87.0,-31.0
2,151.0,-31.0
2,154.0,-31.0
2,155.0,-31.0
2,206.0,-31.0
2,207.0,-31.0
2,213.0,-31.0
2,214.0,-31.0
2,216.0,-31.0
2,228.0,-31.0
2,230.0,-31.0
2,231.0,-31.0
2,246.0,-31.0
2,247.0,-31.0
2,255.0,-31.0
2,256.0,-31.0
2,257.0,-31.0
2,265.0,-31.0
2,28.0,-30.0
2,70.0,-30.0
2,126.0,-30.0
2,150.0,-30.0
2,192.0,-30.0
2,194.0,-30.0
2,213.0,-30.0
2,214.0,-30.0
2,216.0,-30.0
2,230.0,-30.0
2,231.0,-30.0
2,241.0,-30.0
2,246.0,-30.0
2,247.0,-30.0
2,257.0,-30.0
2,266.0,-30.0
2,289.0,-30.0
2,292.0,-30.0
2,304.0,-30.0
2,305.0,-30.0
2,28.0,-29.0
2,35.0,-29.0
2,57.0,-29.0
2,68.0,-29.0
2,71.0,-29.0
2,72.0,-29.0
2,73.0,-29.0
2,89.0,-29.0
2,90.0,-29.0
2,99.0,-29.0
2,100.0,-29.0
2,126.0,-29.0
2,143.0,-29.0
2,145.0,-29.0
2,153.0,-29.0
2,192.0,-29.0
2,211.0,-29.0
2,241.0,-29.0
2,246.0,-29.0
2,255.0,-29.0
2,256.0,-29.0
2,258.0,-29.0
2,289.0,-29.0
2,291.0,-29.0
2,293.0,-29.0
2,334.0,-29.0
2,15.0,-28.0
2,16.0,-28.0
2,57.0,-28.0
2,67.0,-28.0
2,72.0,-28.0
2,89.0,-28.0
2,90.0,-28.0
2,98.0,-28.0
2,100.0,-28.0
2,143.0,-28.0
2,145.0,-28.0
2,153.0,-28.0
2,164.0,-28.0
2,211.0,-28.0
2,258.0,-28.0
2,259.0,-28.0
2,291.0,-28.0
2,292.0,-28.0
2,321.0,-28.0
2,334.0,-28.0
2,15.0,-27.0
2,16.0,-27.0
2,20.0,-27.0
2,66.0,-27.0
2,67.0,-27.0
2,71.0,-27.0
2,98.0,-27.0
2,100.0,-27.0
2,173.0,-27.0
2,174.0,-27.0
2,258.0,-27.0
2,259.0,-27.0
2,293.0,-27.0
2,294.0,-27.0
2,315.0,-27.0
2,316.0,-27.0
2,324.0,-27.0
2,325.0,-27.0
2,334.0,-27.0
2,6.0,-26.0
2,16.0,-26.0
2,20.0,-26.0
2,21.0,-26.0
2,22.0,-26.0
2,45.0,-26.0
2,66.0,-26.0
2,112.0,-26.0
2,173.0,-26.0
2,174.0,-26.0
2,239.0,-26.0
2,258.0,-26.0
2,259.0,-26.0
2,312.0,-26.0
2,313.0,-26.0
2,319.0,-26.0
2,320.0,-26.0
2,334.0,-26.0
2,352.0,-26.0
2,353.0,-26.0
2,6.0,-25.0
2,22.0,-25.0
2,45.0,-25.0
2,240.0,-25.0
2,258.0,-25.0
2,259.0,-25.0
2,280.0,-25.0
2,312.0,-25.0
2,313.0,-25.0
2,319.0,-25.0
2,334.0,-25.0
2,352.0,-25.0
2,353.0,-25.0
2,357.0,-25.0
2,9.0,-24.0
2,36.0,-24.0
2,37.0,-24.0
2,38.0,-24.0
2,39.0,-24.0
2,240.0,-24.0
2,258.0,-24.0
2,259.0,-24.0
2,260.0,-24.0
2,261.0,-24.0
2,279.0,-24.0
2,302.0,-24.0
2,322.0,-24.0
2,332.0,-24.0
2,352.0,-24.0
2,353.0,-24.0
2,357.0,-24.0
2,9.0,-23.0
2,214.0,-23.0
2,269.0,-23.0
2,279.0,-23.0
2,308.0,-23.0
2,322.0,-23.0
2,350.0,-23.0
2,36.0,-22.0
2,37.0,-22.0
2,81.0,-22.0
2,82.0,-22.0
2,134.0,-22.0
2,151.0,-22.0
2,152.0,-22.0
2,202.0,-22.0
2,203.0,-22.0
2,214.0,-22.0
2,215.0,-22.0
2,262.0,-22.0
2,263.0,-22.0
2,269.0,-22.0
2,306.0,-22.0
2,307.0,-22.0
2,308.0,-22.0
2,352.0,-22.0
2,353.0,-22.0
2,6.0,-21.0
2,19.0,-21.0
2,64.0,-21.0
2,72.0,-21.0
2,80.0,-21.0
2,82.0,-21.0
2,99.0,-21.0
2,100.0,-21.0
2,108.0,-21.0
2,118.0,-21.0
2,119.0,-21.0
2,126.0,-21.0
2,129.0,-21.0
2,130.0,-21.0
2,135.0,-21.0
2,151.0,-21.0
2,152.0,-21.0
2,215.0,-21.0
2,298.0,-21.0
2,307.0,-21.0
2,352.0,-21.0
2,353.0,-21.0
2,5.0,-20.0
2,20.0,-20.0
2,63.0,-20.0
2,80.0,-20.0
2,81.0,-20.0
2,99.0,-20.0
2,100.0,-20.0
2,116.0,-20.0
2,118.0,-20.0
2,126.0,-20.0
2,129.0,-20.0
2,130.0,-20.0
2,135.0,-20.0
2,158.0,-20.0
2,162.0,-20.0
2,163.0,-20.0
2,192.0,-20.0
2,193.0,-20.0
2,198.0,-20.0
2,232.0,-20.0
2,273.0,-20.0
2,297.0,-20.0
2,298.0,-20.0
2,328.0,-20.0
2,352.0,-20.0
2,353.0,-20.0
2,6.0,-19.0
2,63.0,-19.0
2,116.0,-19.0
2,118.0,-19.0
2,134.0,-19.0
2,135.0,-19.0
2,147.0,-19.0
2,148.0,-19.0
2,163.0,-19.0
2,173.0,-19.0
2,174.0,-19.0
2,192.0,-19.0
2,198.0,-19.0
2,215.0,-19.0
2,216.0,-19.0
2,255.0,-19.0
2,272.0,-19.0
2,291.0,-19.0
2,292.0,-19.0
2,297.0,-19.0
2,298.0,-19.0
2,314.0,-19.0
2,324.0,-19.0
2,328.0,-19.0
2,352.0,-19.0
2,353.0,-19.0
2,1.0,-18.0
2,15.0,-18.0
2,63.0,-18.0
2,116.0,-18.0
2,120.0,-18.0
2,163.0,-18.0
2,173.0,-18.0
2,176.0,-18.0
2,216.0,-18.0
2,261.0,-18.0
2,308.0,-18.0
2,316.0,-18.0
2,326.0,-18.0
2,332.0,-18.0
2,339.0,-18.0
2,340.0,-18.0
2,0.0,-17.0
2,1.0,-17.0
2,15.0,-17.0
2,34.0,-17.0
2,35.0,-17.0
2,63.0,-17.0
2,102.0,-17.0
2,120.0,-17.0
2,261.0,-17.0
2,308.0,-17.0
2,320.0,-17.0
2,321.0,-17.0
2,324.0,-17.0
2,326.0,-17.0
2,330.0,-17.0
2,331.0,-17.0
2,339.0,-17.0
2,340.0,-17.0
2,349.0,-17.0
2,352.0,-17.0
2,355.0,-17.0
2,357.0,-17.0
2,103.0,-16.0
2,226.0,-16.0
2,269.0,-16.0
2,292.0,-16.0
2,307.0,-16.0
2,320.0,-16.0
2,321.0,-16.0
2,352.0,-16.0
2,357.0,-16.0
2,0.0,-15.0
2,1.0,-15.0
2,17.0,-15.0
2,28.0,-15.0
2,49.0,-15.0
2,102.0,-15.0
2,210.0,-15.0
2,291.0,-15.0
2,293.0,-15.0
2,352.0,-15.0
2,0.0,-14.0
2,1.0,-14.0
2,4.0,-14.0
2,28.0,-14.0
2,34.0,-14.0
2,48.0,-14.0
2,49.0,-14.0
2,57.0,-14.0
2,58.0,-14.0
2,78.0,-14.0
2,95.0,-14.0
2,172.0,-14.0
2,173.0,-14.0
2,174.0,-14.0
2,175.0,-14.0
2,211.0,-14.0
2,229.0,-14.0
2,230.0,-14.0
2,248.0,-14.0
2,293.0,-14.0
2,332.0,-14.0
2,333.0,-14.0
2,4.0,-13.0
2,5.0,-13.0
2,34.0,-13.0
2,46.0,-13.0
2,47.0,-13.0
2,62.0,-13.0
2,77.0,-13.0
2,84.0,-13.0
2,104.0,-13.0
2,129.0,-13.0
2,139.0,-13.0
2,152.0,-13.0
2,174.0,-13.0
2,175.0,-13.0
2,210.0,-13.0
2,231.0,-13.0
2,249.0,-13.0
2,255.0,-13.0
2,332.0,-13.0
2,333.0,-13.0
2,349.0,-13.0
2,4.0,-12.0
2,5.0,-12.0
2,8.0,-12.0
2,15.0,-12.0
2,16.0,-12.0
2,33.0,-12.0
2,46.0,-12.0
2,47.0,-12.0
2,56.0,-12.0
2,62.0,-12.0
2,159.0,-12.0
2,176.0,-12.0
2,230.0,-12.0
2,245.0,-12.0
2,249.0,-12.0
2,273.0,-12.0
2,289.0,-12.0
2,290.0,-12.0
2,328.0,-12.0
2,329.0,-12.0
2,7.0,-11.0
2,8.0,-11.0
2,30.0,-11.0
2,32.0,-11.0
2,33.0,-11.0
2,39.0,-11.0
2,47.0,-11.0
2,56.0,-11.0
2,57.0,-11.0
2,76.0,-11.0
2,120.0,-11.0
2,122.0,-11.0
2,123.0,-11.0
2,152.0,-11.0
2,175.0,-11.0
2,176.0,-11.0
2,224.0,-11.0
2,252.0,-11.0
2,273.0,-11.0
2,289.0,-11.0
2,290.0,-11.0
2,320.0,-11.0
2,329.0,-11.0
2,340.0,-11.0
2,4.0,-10.0
2,5.0,-10.0
2,28.0,-10.0
2,32.0,-10.0
2,39.0,-10.0
2,56.0,-10.0
2,57.0,-10.0
2,82.0,-10.0
2,122.0,-10.0
2,123.0,-10.0
2,169.0,-10.0
2,224.0,-10.0
2,242.0,-10.0
2,252.0,-10.0
2,353.0,-10.0
2,121.0,-9.0
2,242.0,-9.0
2,353.0,-9.0
2,23.0,-8.0
2,60.0,-8.0
2,61.0,-8.0
2,92.0,-8.0
2,103.0,-8.0
2,146.0,-8.0
2,219.0,-8.0
2,220.0,-8.0
2,281.0,-8.0
2,290.0,-8.0
2,291.0,-8.0
2,307.0,-8.0
2,2.0,-7.0
2,5.0,-7.0
2,6.0,-7.0
2,23.0,-7.0
2,87.0,-7.0
2,96.0,-7.0
2,97.0,-7.0
2,213.0,-7.0
2,214.0,-7.0
2,219.0,-7.0
2,220.0,-7.0
2,281.0,-7.0
2,307.0,-7.0
2,2.0,-6.0
2,23.0,-6.0
2,65.0,-6.0
2,84.0,-6.0
2,87.0,-6.0
2,114.0,-6.0
2,123.0,-6.0
2,181.0,-6.0
2,194.0,-6.0
2,224.0,-6.0
2,288.0,-6.0
2,322.0,-6.0
2,346.0,-6.0
2,58.0,-5.0
2,65.0,-5.0
2,84.0,-5.0
2,96.0,-5.0
2,97.0,-5.0
2,123.0,-5.0
2,136.0,-5.0
2,194.0,-5.0
2,215.0,-5.0
2,223.0,-5.0
2,224.0,-5.0
2,336.0,-5.0
2,337.0,-5.0
2,346.0,-5.0
2,354.0,-5.0
2,355.0,-5.0
2,29.0,-4.0
2,39.0,-4.0
2,84.0,-4.0
2,214.0,-4.0
2,215.0,-4.0
2,258.0,-4.0
2,259.0,-4.0
2,275.0,-4.0
2,281.0,-4.0
2,333.0,-4.0
2,334.0,-4.0
2,336.0,-4.0
2,337.0,-4.0
2,354.0,-4.0
2,13.0,-3.0
2,64.0,-3.0
2,85.0,-3.0
2,115.0,-3.0
2,170.0,-3.0
2,211.0,-3.0
2,212.0,-3.0
2,250.0,-3.0
2,258.0,-3.0
2,259.0,-3.0
2,262.0,-3.0
2,275.0,-3.0
2,5.0,-2.0
2,9.0,-2.0
2,21.0,-2.0
2,22.0,-2.0
2,63.0,-2.0
2,64.0,-2.0
2,111.0,-2.0
2,112.0,-2.0
2,166.0,-2.0
2,170.0,-2.0
2,188.0,-2.0
2,211.0,-2.0
2,212.0,-2.0
2,281.0,-2.0
2,282.0,-2.0
2,358.0,-2.0
2,9.0,-1.0
2,15.0,-1.0
2,21.0,-1.0
2,22.0,-1.0
2,36.0,-1.0
2,112.0,-1.0
2,147.0,-1.0
2,149.0,-1.0
2,163.0,-1.0
2,166.0,-1.0
2,177.0,-1.0
2,217.0,-1.0
2,241.0,-1.0
2,242.0,-1.0
2,260.0,-1.0
2,295.0,-1.0
2,336.0,-1.0
2,5.0,0.0
2,6.0,0.0
2,147.0,0.0
2,150.0,0.0
2,163.0,0.0
2,173.0,0.0
2,177.0,0.0
2,209.0,0.0
2,210.0,0.0
2,223.0,0.0
2,236.0,0.0
2,292.0,0.0
2,295.0,0.0
2,296.0,0.0
2,9.0,1.0
2,15.0,1.0
2,114.0,1.0
2,163.0,1.0
2,164.0,1.0
2,205.0,1.0
2,209.0,1.0
2,210.0,1.0
2,223.0,1.0
2,227.0,1.0
2,237.0,1.0
2,260.0,1.0
2,43.0,2.0
2,44.0,2.0
2,46.0,2.0
2,60.0,2.0
2,61.0,2.0
2,71.0,2.0
2,114.0,2.0
2,164.0,2.0
2,187.0,2.0
2,188.0,2.0
2,194.0,2.0
2,205.0,2.0
2,210.0,2.0
2,228.0,2.0
2,241.0,2.0
2,252.0,2.0
2,276.0,2.0
2,347.0,2.0
2,21.0,3.0
2,29.0,3.0
2,46.0,3.0
2,47.0,3.0
2,60.0,3.0
2,167.0,3.0
2,168.0,3.0
2,193.0,3.0
2,194.0,3.0
2,219.0,3.0
2,220.0,3.0
2,231.0,3.0
2,253.0,3.0
2,268.0,3.0
2,297.0,3.0
2,347.0,3.0
2,350.0,3.0
2,355.0,3.0
2,10.0,4.0
2,21.0,4.0
2,22.0,4.0
2,23.0,4.0
2,29.0,4.0
2,59.0,4.0
2,62.0,4.0
2,68.0,4.0
2,83.0,4.0
2,84.0,4.0
2,182.0,4.0
2,192.0,4.0
2,193.0,4.0
2,205.0,4.0
2,206.0,4.0
2,217.0,4.0
2,219.0,4.0
2,220.0,4.0
2,230.0,4.0
2,252.0,4.0
2,253.0,4.0
2,274.0,4.0
2,318.0,4.0
2,326.0,4.0
2,350.0,4.0
2,356.0,4.0
2,22.0,5.0
2,23.0,5.0
2,50.0,5.0
2,58.0,5.0
2,61.0,5.0
2,68.0,5.0
2,69.0,5.0
2,83.0,5.0
2,84.0,5.0
2,167.0,5.0
2,171.0,5.0
2,182.0,5.0
2,205.0,5.0
2,206.0,5.0
2,230.0,5.0
2,231.0,5.0
2,253.0,5.0
2,254.0,5.0
2,260.0,5.0
2,290.0,5.0
2,318.0,5.0
2,331.0,5.0
2,349.0,5.0
2,10.0,6.0
2,42.0,6.0
2,45.0,6.0
2,58.0,6.0
2,83.0,6.0
2,161.0,6.0
2,171.0,6.0
2,197.0,6.0
2,253.0,6.0
2,254.0,6.0
2,255.0,6.0
2,256.0,6.0
2,290.0,6.0
2,322.0,6.0
2,331.0,6.0
2,358.0,6.0
2,12.0,7.0
2,42.0,7.0
2,45.0,7.0
2,58.0,7.0
2,83.0,7.0
2,130.0,7.0
2,131.0,7.0
2,152.0,7.0
2,197.0,7.0
2,214.0,7.0
2,215.0,7.0
2,218.0,7.0
2,255.0,7.0
2,260.0,7.0
2,266.0,7.0
2,322.0,7.0
2,330.0,7.0
2,332.0,7.0
2,358.0,7.0
2,10.0,8.0
2,11.0,8.0
2,19.0,8.0
2,20.0,8.0
2,66.0,8.0
2,67.0,8.0
2,83.0,8.0
2,84.0,8.0
2,130.0,8.0
2,131.0,8.0
2,267.0,8.0
2,269.0,8.0
2,270.0,8.0
2,287.0,8.0
2,322.0,8.0
2,10.0,9.0
2,11.0,9.0
2,24.0,9.0
2,66.0,9.0
2,67.0,9.0
2,193.0,9.0
2,227.0,9.0
2,266.0,9.0
2,267.0,9.0
2,345.0,9.0
2,348.0,9.0
2,10.0,10.0
2,11.0,10.0
2,40.0,10.0
2,84.0,10.0
2,98.0,10.0
2,165.0,10.0
2,173.0,10.0
2,179.0,10.0
2,193.0,10.0
2,214.0,10.0
2,250.0,10.0
2,271.0,10.0
2,348.0,10.0
2,8.0,11.0
2,35.0,11.0
2,40.0,11.0
2,165.0,11.0
2,173.0,11.0
2,179.0,11.0
2,215.0,11.0
2,250.0,11.0
2,271.0,11.0
2,286.0,11.0
2,287.0,11.0
2,10.0,12.0
2,35.0,12.0
2,51.0,12.0
2,59.0,12.0
2,79.0,12.0
2,98.0,12.0
2,111.0,12.0
2,112.0,12.0
2,166.0,12.0
2,167.0,12.0
2,169.0,12.0
2,178.0,12.0
2,250.0,12.0
2,271.0,12.0
2,285.0,12.0
2,286.0,12.0
2,287.0,12.0
2,298.0,12.0
2,324.0,12.0
2,1.0,13.0
2,3.0,13.0
2,9.0,13.0
2,11.0,13.0
2,13.0,13.0
2,17.0,13.0
2,51.0,13.0
2,59.0,13.0
2,94.0,13.0
2,111.0,13.0
2,112.0,13.0
2,133.0,13.0
2,206.0,13.0
2,207.0,13.0
2,233.0,13.0
2,244.0,13.0
2,250.0,13.0
2,252.0,13.0
2,271.0,13.0
2,291.0,13.0
2,301.0,13.0
2,324.0,13.0
2,327.0,13.0
2,328.0,13.0
2,333.0,13.0
2,334.0,13.0
2,344.0,13.0
2,15.0,14.0
2,16.0,14.0
2,17.0,14.0
2,18.0,14.0
2,59.0,14.0
2,95.0,14.0
2,96.0,14.0
2,128.0,14.0
2,131.0,14.0
2,133.0,14.0
2,188.0,14.0
2,233.0,14.0
2,235.0,14.0
2,252.0,14.0
2,270.0,14.0
2,291.0,14.0
2,298.0,14.0
2,333.0,14.0
2,334.0,14.0
2,342.0,14.0
2,344.0,14.0
2,15.0,15.0
2,16.0,15.0
2,32.0,15.0
2,40.0,15.0
2,96.0,15.0
2,111.0,15.0
2,128.0,15.0
2,131.0,15.0
2,133.0,15.0
2,150.0,15.0
2,187.0,15.0
2,188.0,15.0
2,194.0,15.0
2,240.0,15.0
2,241.0,15.0
2,247.0,15.0
2,250.0,15.0
2,326.0,15.0
2,343.0,15.0
2,359.0,15.0
2,32.0,16.0
2,40.0,16.0
2,61.0,16.0
2,112.0,16.0
2,126.0,16.0
2,131.0,16.0
2,166.0,16.0
2,194.0,16.0
2,241.0,16.0
2,250.0,16.0
2,287.0,16.0
2,306.0,16.0
2,313.0,16.0
2,320.0,16.0
2,321.0,16.0
2,344.0,16.0
2,14.0,17.0
2,50.0,17.0
2,58.0,17.0
2,61.0,17.0
2,111.0,17.0
2,112.0,17.0
2,113.0,17.0
2,114.0,17.0
2,125.0,17.0
2,126.0,17.0
2,139.0,17.0
2,149.0,17.0
2,200.0,17.0
2,219.0,17.0
2,221.0,17.0
2,222.0,17.0
2,242.0,17.0
2,243.0,17.0
2,263.0,17.0
2,306.0,17.0
2,341.0,17.0
2,343.0,17.0
2,344.0,17.0
2,353.0,17.0
2,13.0,18.0
2,14.0,18.0
2,58.0,18.0
2,59.0,18.0
2,98.0,18.0
2,99.0,18.0
2,108.0,18.0
2,111.0,18.0
2,113.0,18.0
2,114.0,18.0
2,125.0,18.0
2,126.0,18.0
2,138.0,18.0
2,139.0,18.0
2,200.0,18.0
2,219.0,18.0
2,221.0,18.0
2,222.0,18.0
2,237.0,18.0
2,242.0,18.0
2,243.0,18.0
2,257.0,18.0
2,265.0,18.0
2,306.0,18.0
2,320.0,18.0
2,341.0,18.0
2,342.0,18.0
2,343.0,18.0
2,347.0,18.0
2,353.0,18.0
2,9.0,19.0
2,14.0,19.0
2,30.0,19.0
2,31.0,19.0
2,34.0,19.0
2,83.0,19.0
2,85.0,19.0
2,98.0,19.0
2,99.0,19.0
2,107.0,19.0
2,108.0,19.0
2,111.0,19.0
2,209.0,19.0
2,210.0,19.0
2,237.0,19.0
2,238.0,19.0
2,239.0,19.0
2,258.0,19.0
2,267.0,19.0
2,309.0,19.0
2,342.0,19.0
2,343.0,19.0
2,347.0,19.0
2,348.0,19.0
2,30.0,20.0
2,83.0,20.0
2,84.0,20.0
2,98.0,20.0
2,99.0,20.0
2,111.0,20.0
2,165.0,20.0
2,184.0,20.0
2,209.0,20.0
2,210.0,20.0
2,237.0,20.0
2,239.0,20.0
2,258.0,20.0
2,272.0,20.0
2,288.0,20.0
2,309.0,20.0
2,28.0,21.0
2,33.0,21.0
2,67.0,21.0
2,68.0,21.0
2,84.0,21.0
2,91.0,21.0
2,156.0,21.0
2,163.0,21.0
2,165.0,21.0
2,175.0,21.0
2,176.0,21.0
2,184.0,21.0
2,187.0,21.0
2,217.0,21.0
2,237.0,21.0
2,238.0,21.0
2,239.0,21.0
2,272.0,21.0
2,288.0,21.0
2,328.0,21.0
2,8.0,22.0
2,24.0,22.0
2,25.0,22.0
2,29.0,22.0
2,30.0,22.0
2,59.0,22.0
2,67.0,22.0
2,69.0,22.0
2,70.0,22.0
2,84.0,22.0
2,93.0,22.0
2,94.0,22.0
2,104.0,22.0
2,125.0,22.0
2,153.0,22.0
2,182.0,22.0
2,186.0,22.0
2,200.0,22.0
2,202.0,22.0
2,237.0,22.0
2,244.0,22.0
2,355.0,22.0
2,356.0,22.0
2,69.0,23.0
2,70.0,23.0
2,79.0,23.0
2,80.0,23.0
2,83.0,23.0
2,84.0,23.0
2,86.0,23.0
2,93.0,23.0
2,94.0,23.0
2,125.0,23.0
2,139.0,23.0
2,175.0,23.0
2,176.0,23.0
2,182.0,23.0
2,200.0,23.0
2,202.0,23.0
2,212.0,23.0
2,217.0,23.0
2,218.0,23.0
2,247.0,23.0
2,317.0,23.0
2,355.0,23.0
2,356.0,23.0
2,21.0,24.0
2,23.0,24.0
2,24.0,24.0
2,67.0,24.0
2,68.0,24.0
2,79.0,24.0
2,86.0,24.0
2,95.0,24.0
2,96.0,24.0
2,138.0,24.0
2,158.0,24.0
2,202.0,24.0
2,212.0,24.0
2,317.0,24.0
2,321.0,24.0
2,328.0,24.0
2,10.0,25.0
2,21.0,25.0
2,22.0,25.0
2,48.0,25.0
2,79.0,25.0
2,148.0,25.0
2,180.0,25.0
2,181.0,25.0
2,212.0,25.0
2,213.0,25.0
2,247.0,25.0
2,320.0,25.0
2,328.0,25.0
2,22.0,26.0
2,23.0,26.0
2,64.0,26.0
2,65.0,26.0
2,66.0,26.0
2,69.0,26.0
2,70.0,26.0
2,75.0,26.0
2,97.0,26.0
2,169.0,26.0
2,170.0,26.0
2,180.0,26.0
2,181.0,26.0
2,246.0,26.0
2,247.0,26.0
2,294.0,26.0
2,320.0,26.0
2,328.0,26.0
2,36.0,27.0
2,37.0,27.0
2,64.0,27.0
2,83.0,27.0
2,84.0,27.0
2,169.0,27.0
2,170.0,27.0
2,247.0,27.0
2,293.0,27.0
2,294.0,27.0
2,295.0,27.0
2,303.0,27.0
2,304.0,27.0
2,351.0,27.0
2,352.0,27.0
2,22.0,28.0
2,23.0,28.0
2,30.0,28.0
2,36.0,28.0
2,37.0,28.0
2,39.0,28.0
2,64.0,28.0
2,81.0,28.0
2,83.0,28.0
2,84.0,28.0
2,135.0,28.0
2,154.0,28.0
2,169.0,28.0
2,170.0,28.0
2,216.0,28.0
2,217.0,28.0
2,247.0,28.0
2,279.0,28.0
2,295.0,28.0
2,350.0,28.0
2,351.0,28.0
2,352.0,28.0
2,22.0,29.0
2,23.0,29.0
2,30.0,29.0
2,41.0,29.0
2,62.0,29.0
2,77.0,29.0
2,78.0,29.0
2,81.0,29.0
2,136.0,29.0
2,162.0,29.0
2,172.0,29.0
2,173.0,29.0
2,176.0,29.0
2,207.0,29.0
2,208.0,29.0
2,278.0,29.0
2,286.0,29.0
2,293.0,29.0
2,306.0,29.0
2,350.0,29.0
2,351.0,29.0
2,352.0,29.0
2,353.0,29.0
2,30.0,30.0
2,42.0,30.0
2,63.0,30.0
2,69.0,30.0
2,70.0,30.0
2,89.0,30.0
2,134.0,30.0
2,136.0,30.0
2,165.0,30.0
2,172.0,30.0
2,173.0,30.0
2,176.0,30.0
2,202.0,30.0
2,203.0,30.0
2,306.0,30.0
2,318.0,30.0
2,352.0,30.0
2,353.0,30.0
2,18.0,31.0
2,19.0,31.0
2,24.0,31.0
2,25.0,31.0
2,56.0,31.0
2,63.0,31.0
2,69.0,31.0
2,70.0,31.0
2,73.0,31.0
2,74.0,31.0
2,77.0,31.0
2,78.0,31.0
2,89.0,31.0
2,95.0,31.0
2,97.0,31.0
2,117.0,31.0
2,136.0,31.0
2,137.0,31.0
2,152.0,31.0
2,165.0,31.0
2,172.0,31.0
2,173.0,31.0
2,177.0,31.0
2,180.0,31.0
2,200.0,31.0
2,203.0,31.0
2,228.0,31.0
2,229.0,31.0
2,237.0,31.0
2,285.0,31.0
2,286.0,31.0
2,301.0,31.0
2,305.0,31.0
2,320.0,31.0
2,321.0,31.0
2,4.0,32.0
2,21.0,32.0
2,22.0,32.0
2,24.0,32.0
2,25.0,32.0
2,56.0,32.0
2,63.0,32.0
2,64.0,32.0
2,69.0,32.0
2,70.0,32.0
2,73.0,32.0
2,74.0,32.0
2,95.0,32.0
2,97.0,32.0
2,117.0,32.0
2,152.0,32.0
2,155.0,32.0
2,172.0,32.0
2,180.0,32.0
2,209.0,32.0
2,228.0,32.0
2,229.0,32.0
2,237.0,32.0
2,278.0,32.0
2,285.0,32.0
2,286.0,32.0
2,301.0,32.0
2,358.0,32.0
2,359.0,32.0
2,4.0,33.0
2,21.0,33.0
2,22.0,33.0
2,24.0,33.0
2,25.0,33.0
2,54.0,33.0
2,55.0,33.0
2,95.0,33.0
2,97.0,33.0
2,117.0,33.0
2,152.0,33.0
2,171.0,33.0
2,174.0,33.0
2,219.0,33.0
2,228.0,33.0
2,229.0,33.0
2,236.0,33.0
2,238.0,33.0
2,243.0,33.0
2,245.0,33.0
2,275.0,33.0
2,285.0,33.0
2,286.0,33.0
2,291.0,33.0
2,305.0,33.0
2,358.0,33.0
2,359.0,33.0
2,3.0,34.0
2,4.0,34.0
2,21.0,34.0
2,22.0,34.0
2,24.0,34.0
2,37.0,34.0
2,38.0,34.0
2,45.0,34.0
2,50.0,34.0
2,65.0,34.0
2,85.0,34.0
2,162.0,34.0
2,163.0,34.0
2,173.0,34.0
2,174.0,34.0
2,185.0,34.0
2,211.0,34.0
2,237.0,34.0
2,238.0,34.0
2,240.0,34.0
2,241.0,34.0
2,243.0,34.0
2,244.0,34.0
2,258.0,34.0
2,358.0,34.0
2,359.0,34.0
2,25.0,35.0
2,33.0,35.0
2,36.0,35.0
2,37.0,35.0
2,39.0,35.0
2,45.0,35.0
2,50.0,35.0
2,84.0,35.0
2,86.0,35.0
2,105.0,35.0
2,162.0,35.0
2,163.0,35.0
2,166.0,35.0
2,167.0,35.0
2,185.0,35.0
2,201.0,35.0
2,211.0,35.0
2,220.0,35.0
2,232.0,35.0
2,233.0,35.0
2,244.0,35.0
2,258.0,35.0
2,292.0,35.0
2,333.0,35.0
2,33.0,36.0
2,45.0,36.0
2,46.0,36.0
2,86.0,36.0
2,105.0,36.0
2,123.0,36.0
2,124.0,36.0
2,166.0,36.0
2,167.0,36.0
2,181.0,36.0
2,182.0,36.0
2,189.0,36.0
2,194.0,36.0
2,195.0,36.0
2,202.0,36.0
2,213.0,36.0
2,232.0,36.0
2,233.0,36.0
2,293.0,36.0
2,295.0,36.0
2,332.0,36.0
2,333.0,36.0
2,341.0,36.0
2,20.0,37.0
2,64.0,37.0
2,104.0,37.0
2,107.0,37.0
2,115.0,37.0
2,116.0,37.0
2,117.0,37.0
2,123.0,37.0
2,124.0,37.0
2,168.0,37.0
2,196.0,37.0
2,202.0,37.0
2,228.0,37.0
2,248.0,37.0
2,251.0,37.0
2,293.0,37.0
2,295.0,37.0
2,310.0,37.0
2,329.0,37.0
2,330.0,37.0
2,333.0,37.0
2,341.0,37.0
2,9.0,38.0
2,10.0,38.0
2,48.0,38.0
2,49.0,38.0
2,62.0,38.0
2,78.0,38.0
2,79.0,38.0
2,95.0,38.0
2,96.0,38.0
2,105.0,38.0
2,107.0,38.0
2,115.0,38.0
2,127.0,38.0
2,141.0,38.0
2,167.0,38.0
2,168.0,38.0
2,177.0,38.0
2,178.0,38.0
2,197.0,38.0
2,228.0,38.0
2,237.0,38.0
2,248.0,38.0
2,249.0,38.0
2,250.0,38.0
2,290.0,38.0
2,294.0,38.0
2,295.0,38.0
2,301.0,38.0
2,302.0,38.0
2,329.0,38.0
2,330.0,38.0
2,332.0,38.0
2,341.0,38.0
2,9.0,39.0
2,11.0,39.0
2,20.0,39.0
2,37.0,39.0
2,43.0,39.0
2,47.0,39.0
2,48.0,39.0
2,49.0,39.0
2,62.0,39.0
2,65.0,39.0
2,78.0,39.0
2,79.0,39.0
2,95.0,39.0
2,106.0,39.0
2,115.0,39.0
2,116.0,39.0
2,117.0,39.0
2,127.0,39.0
2,141.0,39.0
2,144.0,39.0
2,146.0,39.0
2,154.0,39.0
2,178.0,39.0
2,197.0,39.0
2,249.0,39.0
2,250.0,39.0
2,253.0,39.0
2,276.0,39.0
2,288.0,39.0
2,290.0,39.0
2,329.0,39.0
2,332.0,39.0
2,336.0,39.0
2,342.0,39.0
2,9.0,40.0
2,10.0,40.0
2,20.0,40.0
2,37.0,40.0
2,38.0,40.0
2,39.0,40.0
2,40.0,40.0
2,43.0,40.0
2,47.0,40.0
2,48.0,40.0
2,49.0,40.0
2,65.0,40.0
2,66.0,40.0
2,144.0,40.0
2,146.0,40.0
2,154.0,40.0
2,169.0,40.0
2,191.0,40.0
2,192.0,40.0
2,196.0,40.0
2,204.0,40.0
2,242.0,40.0
2,243.0,40.0
2,248.0,40.0
2,276.0,40.0
2,288.0,40.0
2,336.0,40.0
2,0.0,41.0
2,1.0,41.0
2,17.0,41.0
2,18.0,41.0
2,19.0,41.0
2,20.0,41.0
2,37.0,41.0
2,38.0,41.0
2,39.0,41.0
2,40.0,41.0
2,72.0,41.0
2,96.0,41.0
2,123.0,41.0
2,136.0,41.0
2,137.0,41.0
2,144.0,41.0
2,145.0,41.0
2,146.0,41.0
2,147.0,41.0
2,148.0,41.0
2,155.0,41.0
2,167.0,41.0
2,169.0,41.0
2,185.0,41.0
2,186.0,41.0
2,247.0,41.0
2,276.0,41.0
2,278.0,41.0
2,280.0,41.0
2,288.0,41.0
2,289.0,41.0
2,330.0,41.0
2,331.0,41.0
2,336.0,41.0
2,0.0,42.0
2,1.0,42.0
2,17.0,42.0
2,49.0,42.0
2,65.0,42.0
2,66.0,42.0
2,68.0,42.0
2,138.0,42.0
2,147.0,42.0
2,148.0,42.0
2,167.0,42.0
2,185.0,42.0
2,186.0,42.0
2,244.0,42.0
2,246.0,42.0
2,264.0,42.0
2,265.0,42.0
2,273.0,42.0
2,280.0,42.0
2,0.0,43.0
2,17.0,43.0
2,29.0,43.0
2,30.0,43.0
2,49.0,43.0
2,68.0,43.0
2,136.0,43.0
2,138.0,43.0
2,152.0,43.0
2,153.0,43.0
2,240.0,43.0
2,246.0,43.0
2,248.0,43.0
2,264.0,43.0
2,265.0,43.0
2,300.0,43.0
2,301.0,43.0
2,29.0,44.0
2,30.0,44.0
2,48.0,44.0
2,61.0,44.0
2,126.0,44.0
2,127.0,44.0
2,135.0,44.0
2,136.0,44.0
2,137.0,44.0
2,173.0,44.0
2,174.0,44.0
2,240.0,44.0
2,247.0,44.0
2,248.0,44.0
2,273.0,44.0
2,274.0,44.0
2,300.0,44.0
2,301.0,44.0
2,29.0,45.0
2,30.0,45.0
2,79.0,45.0
2,80.0,45.0
2,127.0,45.0
2,173.0,45.0
2,174.0,45.0
2,247.0,45.0
2,248.0,45.0
2,258.0,45.0
2,280.0,45.0
2,281.0,45.0
2,359.0,45.0
3,50.0,-45.0
3,117.0,-45.0
3,2.0,-44.0
3,50.0,-44.0
3,201.0,-44.0
3,3.0,-43.0
3,11.0,-43.0
3,12.0,-43.0
3,118.0,-43.0
3,156.0,-43.0
3,225.0,-43.0
3,21.0,-42.0
3,118.0,-42.0
3,158.0,-42.0
3,21.0,-41.0
3,156.0,-41.0
3,158.0,-41.0
3,192.0,-41.0
3,225.0,-41.0
3,54.0,-40.0
3,192.0,-40.0
3,334.0,-40.0
3,344.0,-40.0
3,216.0,-39.0
3,225.0,-39.0
3,334.0,-39.0
3,214.0,-38.0
3,223.0,-38.0
3,225.0,-38.0
3,268.0,-38.0
3,110.0,-37.0
3,214.0,-37.0
3,215.0,-37.0
3,223.0,-37.0
3,225.0,-37.0
3,268.0,-37.0
3,17.0,-36.0
3,18.0,-36.0
3,55.0,-36.0
3,67.0,-36.0
3,94.0,-36.0
3,95.0,-36.0
3,109.0,-36.0
3,280.0,-36.0
3,67.0,-35.0
3,91.0,-35.0
3,110.0,-35.0
3,177.0,-35.0
3,178.0,-35.0
3,18.0,-34.0
3,65.0,-34.0
3,85.0,-34.0
3,91.0,-34.0
3,110.0,-34.0
3,111.0,-34.0
3,128.0,-34.0
3,129.0,-34.0
3,132.0,-34.0
3,177.0,-34.0
3,203.0,-34.0
3,355.0,-34.0
3,65.0,-33.0
3,66.0,-33.0
3,85.0,-33.0
3,155.0,-33.0
3,176.0,-33.0
3,195.0,-33.0
3,196.0,-33.0
3,203.0,-33.0
3,256.0,-33.0
3,292.0,-33.0
3,155.0,-32.0
3,69.0,-31.0
3,304.0,-31.0
3,305.0,-31.0
3,69.0,-30.0
3,193.0,-30.0
3,255.0,-30.0
3,256.0,-30.0
3,74.0,-29.0
3,144.0,-29.0
3,193.0,-29.0
3,230.0,-29.0
3,231.0,-29.0
3,292.0,-29.0
3,315.0,-29.0
3,316.0,-29.0
3,71.0,-28.0
3,99.0,-28.0
3,144.0,-28.0
3,163.0,-28.0
3,297.0,-28.0
3,315.0,-28.0
3,316.0,-28.0
3,99.0,-27.0
3,246.0,-27.0
3,247.0,-27.0
3,297.0,-27.0
3,333.0,-26.0
3,247.0,-25.0
3,333.0,-25.0
3,45.0,-24.0
3,167.0,-24.0
3,246.0,-24.0
3,333.0,-24.0
3,36.0,-23.0
3,37.0,-23.0
3,168.0,-23.0
3,246.0,-23.0
3,249.0,-23.0
3,167.0,-22.0
3,168.0,-22.0
3,73.0,-21.0
3,74.0,-21.0
3,81.0,-21.0
3,127.0,-21.0
3,134.0,-21.0
3,214.0,-21.0
3,6.0,-20.0
3,19.0,-20.0
3,64.0,-20.0
3,108.0,-20.0
3,117.0,-20.0
3,127.0,-20.0
3,134.0,-20.0
3,213.0,-20.0
3,214.0,-20.0
3,272.0,-20.0
3,117.0,-19.0
3,193.0,-19.0
3,325.0,-19.0
3,330.0,-19.0
3,331.0,-19.0
3,332.0,-19.0
3,0.0,-18.0
3,122.0,-18.0
3,174.0,-18.0
3,270.0,-18.0
3,324.0,-18.0
3,325.0,-18.0
3,329.0,-18.0
3,331.0,-18.0
3,122.0,-17.0
3,325.0,-17.0
3,353.0,-17.0
3,20.0,-16.0
3,102.0,-16.0
3,353.0,-16.0
3,20.0,-15.0
3,21.0,-15.0
3,29.0,-15.0
3,353.0,-15.0
3,29.0,-14.0
3,210.0,-14.0
3,292.0,-14.0
3,78.0,-13.0
3,229.0,-13.0
3,7.0,-12.0
3,57.0,-12.0
3,175.0,-12.0
3,246.0,-12.0
3,274.0,-12.0
3,245.0,-11.0
3,246.0,-11.0
3,274.0,-11.0
3,276.0,-10.0
3,194.0,-9.0
3,195.0,-9.0
3,263.0,-9.0
3,264.0,-9.0
3,275.0,-9.0
3,276.0,-9.0
3,5.0,-8.0
3,6.0,-8.0
3,194.0,-8.0
3,195.0,-8.0
3,264.0,-8.0
3,280.0,-8.0
3,264.0,-7.0
3,280.0,-7.0
3,214.0,-5.0
3,297.0,-5.0
3,38.0,-4.0
3,38.0,-3.0
3,39.0,-3.0
3,169.0,-3.0
3,281.0,-3.0
3,10.0,-2.0
3,14.0,-2.0
3,169.0,-2.0
3,10.0,-1.0
3,111.0,-1.0
3,148.0,-1.0
3,150.0,-1.0
3,148.0,0.0
3,227.0,0.0
3,241.0,0.0
3,242.0,0.0
3,260.0,0.0
3,187.0,1.0
3,188.0,1.0
3,228.0,1.0
3,236.0,1.0
3,242.0,1.0
3,34.0,2.0
3,298.0,2.0
3,333.0,2.0
3,20.0,3.0
3,34.0,3.0
3,61.0,3.0
3,252.0,3.0
3,298.0,3.0
3,333.0,3.0
3,20.0,4.0
3,34.0,4.0
3,61.0,4.0
3,69.0,4.0
3,167.0,4.0
3,168.0,4.0
3,178.0,4.0
3,231.0,4.0
3,355.0,4.0
3,178.0,5.0
3,11.0,6.0
3,43.0,6.0
3,44.0,6.0
3,63.0,6.0
3,11.0,7.0
3,43.0,7.0
3,44.0,7.0
3,331.0,7.0
3,333.0,7.0
3,266.0,8.0
3,83.0,9.0
3,84.0,9.0
3,83.0,10.0
3,166.0,10.0
3,167.0,10.0
3,168.0,10.0
3,188.0,10.0
3,272.0,10.0
3,98.0,11.0
3,166.0,11.0
3,167.0,11.0
3,168.0,11.0
3,272.0,11.0
3,306.0,11.0
3,1.0,12.0
3,251.0,12.0
3,10.0,13.0
3,134.0,13.0
3,183.0,13.0
3,184.0,13.0
3,188.0,13.0
3,234.0,13.0
3,245.0,13.0
3,270.0,13.0
3,343.0,13.0
3,134.0,14.0
3,183.0,14.0
3,184.0,14.0
3,187.0,14.0
3,234.0,14.0
3,244.0,14.0
3,245.0,14.0
3,251.0,14.0
3,327.0,14.0
3,112.0,15.0
3,134.0,15.0
3,111.0,16.0
3,240.0,16.0
3,13.0,17.0
3,138.0,17.0
3,85.0,18.0
3,266.0,18.0
3,84.0,19.0
3,86.0,19.0
3,216.0,19.0
3,266.0,19.0
3,164.0,20.0
3,216.0,20.0
3,287.0,20.0
3,308.0,20.0
3,342.0,20.0
3,343.0,20.0
3,8.0,21.0
3,30.0,21.0
3,83.0,21.0
3,164.0,21.0
3,287.0,21.0
3,83.0,22.0
3,175.0,22.0
3,176.0,22.0
3,201.0,22.0
3,95.0,23.0
3,96.0,23.0
3,201.0,23.0
3,246.0,24.0
3,247.0,24.0
3,320.0,24.0
3,23.0,25.0
3,246.0,25.0
3,304.0,26.0
3,134.0,28.0
3,278.0,28.0
3,42.0,29.0
3,69.0,29.0
3,70.0,29.0
3,134.0,29.0
3,135.0,29.0
3,62.0,30.0
3,77.0,30.0
3,78.0,30.0
3,135.0,30.0
3,55.0,31.0
3,176.0,31.0
3,306.0,31.0
3,55.0,32.0
3,173.0,32.0
3,201.0,32.0
3,202.0,32.0
3,279.0,32.0
3,96.0,33.0
3,172.0,33.0
3,201.0,33.0
3,237.0,33.0
3,244.0,33.0
3,25.0,34.0
3,46.0,34.0
3,276.0,34.0
3,292.0,34.0
3,38.0,35.0
3,46.0,35.0
3,291.0,35.0
3,85.0,36.0
3,201.0,36.0
3,294.0,36.0
3,342.0,36.0
3,105.0,37.0
3,106.0,37.0
3,167.0,37.0
3,194.0,37.0
3,201.0,37.0
3,275.0,37.0
3,276.0,37.0
3,294.0,37.0
3,332.0,37.0
3,342.0,37.0
3,106.0,38.0
3,116.0,38.0
3,117.0,38.0
3,194.0,38.0
3,196.0,38.0
3,251.0,38.0
3,10.0,39.0
3,97.0,39.0
3,145.0,39.0
3,155.0,39.0
3,167.0,39.0
3,168.0,39.0
3,195.0,39.0
3,248.0,39.0
3,251.0,39.0
3,289.0,39.0
3,330.0,39.0
3,96.0,40.0
3,97.0,40.0
3,145.0,40.0
3,155.0,40.0
3,167.0,40.0
3,289.0,40.0
3,65.0,41.0
3,66.0,41.0
3,67.0,41.0
3,97.0,41.0
3,168.0,41.0
3,67.0,42.0
3,136.0,42.0
3,168.0,42.0
3,169.0,42.0
3,67.0,43.0
3,137.0,43.0
3,247.0,43.0
3,72.0,45.0
3,73.0,45.0
4,2.0,-43.0
4,156.0,-42.0
4,215.0,-39.0
4,216.0,-38.0
4,224.0,-38.0
4,110.0,-36.0
4,224.0,-36.0
4,66.0,-34.0
4,204.0,-34.0
4,177.0,-33.0
4,204.0,-33.0
4,246.0,-26.0
4,247.0,-26.0
4,246.0,-25.0
4,329.0,-19.0
4,121.0,-18.0
4,330.0,-18.0
4,121.0,-17.0
4,269.0,-17.0
4,270.0,-17.0
4,292.0,-15.0
4,230.0,-13.0
4,275.0,-10.0
4,181.0,-5.0
4,181.0,-4.0
4,336.0,-3.0
4,336.0,-2.0
4,14.0,-1.0
4,241.0,1.0
4,333.0,8.0
4,187.0,10.0
4,187.0,13.0
4,251.0,13.0
4,343.0,14.0
4,327.0,15.0
4,328.0,15.0
4,86.0,18.0
4,303.0,23.0
4,304.0,23.0
4,304.0,24.0
4,304.0,25.0
4,303.0,26.0
4,69.0,27.0
4,70.0,27.0
4,69.0,28.0
4,70.0,28.0
4,96.0,31.0
4,201.0,31.0
4,202.0,31.0
4,96.0,32.0
4,173.0,33.0
4,275.0,34.0
4,291.0,34.0
4,85.0,35.0
4,195.0,37.0
4,343.0,37.0
4,195.0,38.0
4,342.0,38.0
4,343.0,38.0
4,96.0,39.0
4,196.0,39.0
4,168.0,40.0
4,137.0,42.0
5,215.0,-38.0
5,224.0,-37.0
5,187.0,11.0
5,188.0,11.0
5,328.0,14.0
5,303.0,24.0
5,303.0,25.0
5,275.0,35.0
5,276.0,35.0
5,275.0,36.0
5,276.0,36.0
7,187.0,12.0
6,188.0,12.0
